id;fullname;umr
ZRINSCAKG;ZRINSCAK Georgette;1
ZANINC;ZANIN Christine;1
ZAMORANOG;ZAMORANO Gloria;1
WORONIECKIM;WORONIECKI Miroslava;1
WOLFFD;WOLFF Denis;1
WASTABLEM;WASTABLE Marielle;1
VOLVEYA;VOLVEY Anne;1
VERDIERN;VERDIER Nicolas;1
VACCHIANI-MARCUZZOC;VACCHIANI-MARCUZZO Céline;1
TROUILLARDE;TROUILLARD Emmanuel;1
TISSIERJ-L;TISSIER Jean-louis;1
TILLOUSM;TILLOUS Marion;1
TESSIERF;TESSIER François;1
SPYRELLISS;SPYRELLIS Stavros;1
SOLM-P;SOL Marie-pierre;1
SEKULOVSKIG;SEKULOVSKI Goran;1
SEGURETS;SEGURET Sylvain;1
SCHMOLLC;SCHMOLL Camille;1
SCHMITTC;SCHMITT Clara;1
SANTAMARIAF;SANTAMARIA Frédéric;1
SANDERSL;SANDERS Lena;1
SAINTEVILLEM;SAINTEVILLE Maude;1
SAINT-JULIENT;SAINT-JULIEN Thérèse;1
SAADAA;SAADA Afef;1
RUFATS;RUFAT Samuel;1
ROSEMBERGM;ROSEMBERG Muriel;1
ROLLETJ-M;ROLLET Jean-marie;1
ROBICM-C;ROBIC Marie-claire;1
RIVIÈRED;RIVIÈRE Dominique;1
RHEINC;RHEIN Catherine;1
REYNAUDL;REYNAUD Laurence;1
REYS;REY COYREHOURCQ Sebastien;1
PUMAIND;PUMAIN Denise;1
PRÉVÉLAKISG;PRÉVÉLAKIS Georges;1
POUSINF;POUSIN Frédéric;1
POTHITAKII-V;POTHITAKI Ioanna-vasiliki;1
PLANQUEG;PLANQUE Géraldine;1
PISTREP;PISTRE Pierre;1
PETSIMERISP;PETSIMERIS Petros;1
PETITS;PETIT Sébastien;1
PERROT-NANIA-S;PERROT-NANI Anne-sophie;1
PALSKYG;PALSKY Gilles;1
ORAINO;ORAIN Olivier;1
NEYROUDM;NEYROUD Michel;1
MURATJ;MURAT Joachim;1
MORBOISE;MORBOIS Emilie;1
MENDIBILD;MENDIBIL Didier;1
MATHIEU-HUBERD;MATHIEU-HUBER Dominique;1
MATHIANH;MATHIAN Hélène;1
MARROUCHIS;MARROUCHI Saber;1
MARDIROSSIANF;MARDIROSSIAN Florence;1
MANCEAUE;MANCEAU Elodie;1
LOUAILT;LOUAIL Thomas;1
LIZZIL;LIZZI Liliane;1
LESECQG;LESECQ Guillaume;1
LETEXIERM;LE TEXIER Marion;1
LENEINDREC;LE NEINDRE Charlène;1
LENECHETF;LE NECHET Florent;1
LEGOIXR;LE GOIX Renaud;1
LAU-BIGNONA;LAU-BIGNON Anita;1
LAPORTEA;LAPORTE Antoine;1
LAMBOURDIEREE;LAMBOURDIERE Eric;1
LABORDEM;LABORDE Martine;1
LABINALG;LABINAL Guilhem;1
KOSMOPOULOSC;KOSMOPOULOS Christine;1
KAZARIANN;KAZARIAN Nicolas;1
HUMAIN-LAMOUREA;HUMAIN-LAMOURE Anne-lise;1
HALLAIRG;HALLAIR Gaëlle;1
GUERREROD;GUERRERO David;1
GUÉROISM;GUÉROIS Marianne;1
GUERIN-PACEF;GUERIN-PACE France;1
GRATALOUPC;GRATALOUP Christian;1
GRASLANDC;GRASLAND Claude;1
GOUYOU-BEAUCHAMPSM;GOUYOU-BEAUCHAMPS Margot;1
GOSMEC;GOSME Cyril;1
GODILLONS;GODILLON Sylvanie;1
GILLOTG;GILLOT Gaëlle;1
GÉNEAUdeLAMARLIÈREI;GÉNEAU de LAMARLIÈRE Isabelle;1
GAZULLL;GAZULL Laurent;1
FRETIGNYJ-B;FRETIGNY Jean-baptiste;1
FRANÇOISJ-C;FRANÇOIS Jean-christophe;1
FOLS;FOL Sylvie;1
FLEURYA;FLEURY Antoine;1
FIEGEL;FIEGEL;1
FERRETTIF;FERRETTI Federico;1
FEN-CHONGJ;FEN-CHONG Julie;1
FAVAROJ-M;FAVARO Jean-marc;1
FABREE;FABRE Emmanuel;1
ESTEBANEZJ;ESTEBANEZ Jean;1
DURAND-DASTESF;DURAND-DASTES François;1
DUPUYG;DUPUY Gabriel;1
DUCRUETC;DUCRUET César;1
DUCOME;DUCOM Estelle;1
DUBUCS;DUBUC Sylvie;1
DUBOISA;DUBOIS André;1
DOUAYN;DOUAY Nicolas;1
DOBRUSZKESF;DOBRUSZKES Frédéric;1
DJAMENTG;DJAMENT Géraldine;1
DEVRIENDTA;DEVRIENDT Arthur;1
DESJARDINSX;DESJARDINS Xavier;1
DEPRESTF;DEPREST Florence;1
DELAGEM;DELAGE Matthieu;1
DELPUPH;DEL PUP Henri;1
DEGOUTV;DEGOUT Véronique;1
DEBARRES;DEBARRE Ségolène;1
CUYALAS;CUYALA Sylvain;1
CRULLIT;CRULLI Thomas;1
COURONNE-GEARYL-M;COURONNE-GEARY Lise-marie;1
COMMENGESH;COMMENGES Hadrien;1
COMINM-N;COMIN Marie noelle;1
COLLIGNONB;COLLIGNON Béatrice;1
COLDEFYM;COLDEFY Magali;1
CLERVALA;CLERVAL Anne;1
CLERCP;CLERC Pascal;1
CHEVALIERJ-P;CHEVALIER Jean-pierre;1
CHARPENTIERA;CHARPENTIER Angèle;1
CHAMPIGNYJ;CHAMPIGNY Julien;1
CATTANN;CATTAN Nadine;1
CAPDEPUYV;CAPDEPUY Vincent;1
CALLEND;CALLEN Delphine;1
CALENGEP;CALENGE Pierric;1
BUXEDAC;BUXEDA Cécile;1
BUHNIKS;BUHNIK Sophie;1
BUARDE;BUARD Elodie;1
BRETAGNOLLEA;BRETAGNOLLE Anne;1
BOULOCC;BOULOC Caroline;1
BOULIERJ;BOULIER Joel;1
BOUINOTJ;BOUINOT Jean;1
BORDINP;BORDIN Patricia;1
BOMATIE;BOMATI Edith;1
BOICHOTC;BOICHOT Camille;1
BLANCHARDE;BLANCHARD Emilie;1
BLAISH;BLAIS Hélène;1
BEYERA;BEYER Antoine;1
BESSEJ-M;BESSE Jean-marc;1
BERROIRS;BERROIR Sandrine;1
BENREBAHM;BEN REBAH Maher;1
BEAUGUITTEL;BEAUGUITTE Laurent;1
BEAUCIREF;BEAUCIRE Francis;1
BAYINDIRGOULARASG;BAYINDIR GOULARAS Gökçe;1
BAUDET-MICHELS;BAUDET-MICHEL Sophie;1
BARONM;BARON Myriam;1
BANOSA;BANOS Arnaud;1
BAHOKENF;BAHOKEN Francoise;1
ANDREE;ANDRE Evelyne;1
ALBECKERM-F;ALBECKER Marie-Fleur;1
AMARAM;AMARA Mohamed;1
ANDRIEUXF;ANDRIEUX François;1
BAKBASAC;BAKBASA Ceyda;1
BAUDINAULTA;BAUDINAULT Alexandra;1
BÉNARDF;BÉNARD François;1
CAKANLARY;CAKANLAR Yasemin;1
CASANAS-CARBALLIDOJ;CASANAS-CARBALLIDO Jaime;1
CHAMPA;CHAMP Aurélie;1
CHASSAGNEP;CHASSAGNE Phillippe;1
DHÉEF;DHÉE Francis;1
DREVELLEM;DERVELLE Mathieu;1
DUTELF;DUTEL Floriane;1
GAGNIÈREV;GAGNIÈRE Vincent;1
JAMAULTC;JAMAULT Clémence;1
LAOTB;LAOT Benjamin;1
LAZARM;LAZAR Mehdi;1
LEININGER-FREZALC;LEININGER-FREZAL Caroline;1
LESTEVENG;LESTEVEN Gaële;1
MAULATJ;MAULAT Juliette;1
MEHDIA;MEHDI Amin;1
MINSTERC;MINSTER Clotilde;1
NGUIAKAHMAW;NGUIA KAHMA Wendy;1
PERSYNN;PERSYN Nicolas;1
PLEVENB;PLEVEN Bertrand;1
PLEVRISK;PLEVRIS Konstantinos;1
RAADL;RAAD Lina;1
REMYS;REMY Sylvain;1
SAARELAS;SAARELA Svetlana;1
SPIRIJ;SPIRI Jean;1
TROUDEA;TROUDE Alexis;1
VALLÉEJ;VALLEE Julie;1
VANNIERC;VANNIER Clémence;1
VIEILLARD-BARONE;VIEILLARD-BARON Elsa;1
VERONO;VERON Ophélie;1
VILA-VÁZQUEZJ-I;VILA-VÁZQUEZ José Ignacio;1
WATELR;WATEL Renaud;1
BLIDONM;BLIDON Marianne;1
SWERTSE;SWERTS Elfie;1
BARLESS;BARLES Sabine;1
QUEVAC;QUEVA Christophe;1
BAFFIS;BAFFI Solène;1
BOULARANZ;BOULARAN Zoé;1
CAPUTOM-L;CAPUTO Maria Luisa;1
COTTINEAUC;COTTINEAU Clémentine;1
IGNAZZICOSMOA;IGNAZZI Cosmo Antonio;1
LIUCHUNY;LIU Chun Ya;1
TOUREILLEE;TOUREILLE Etienne;1
BRUNG;BRUN Geoffrey;1
COQUELLEJ;COQUELLE Julia;1
ESKANDERA;ESKANDER Amin;1
OLMEDOE;OLMEDO Elise;1
CITRONP;CITRON Paul;1
FROUILLOUL;FROUILLOU Leïla;1
GEORGEAULTL;GEORGEAULT Laurent;1
BOGNONS;BOGNON Sabine;1
KANELLOPOULOUD;KANELLOPOULOU Dimitra;1
MANTRANM;MANTRAN Murielle;1
KIME;KIM Eunhye;1
MARTYP;MARTY Pauline;1
FAKHARIANGHOMB;FAKHARIAN GHOM Behrang;1
SIVAKH;SIVAK Henry;1
BROOMBERGJ;BROOMBERG Joachim;1
PERNETA;PERNET Alexis;1
SIMOESL;SIMOES Luisa;1
BRESA;BRES Antoine;1
MANTRANM;MANTRAN Murielle;1
AVELINE-DUBACHN;AVELINE Natacha;1
BAUDRYS;BAUDRY Sarah Lilia;1
BERNADOUD;BERNADOU Dorian;1
CHALONGEL;CHALONGE Ludovic;1
CURAR;CURA Robin;1
DEBRIEJ;DEBRIE Jean;1
DELAVILLED;DELAVILLE Damien;1
DENISE;DENIS Eric;1
DESCLAUX-SALACHASJ;DESCLAUX-SALACHAS Jasmine;1
DOSS;DOS SANTOS-SUTTON Sonia;1
DUBOS-PAILLARDE;DUBOS-PAILLARD Edwige;1
DUROUDIERS;DUROUDIER Sylvestre;1
FINANCEO;FINANCE Olivier;1
GAUJALS;GAUJAL Sophie;1
GEORGIKOPOULOSI;GEORGIKOPOULOS Ioannis;1
GIMATM;GIMAT Matthieu;1
GIRAUDA;GIRAUD Alexandre;1
GRAVIERJ;GRAVIER Julie;1
GUÉRINA;GUÉRIN Anne-lise;1
KAHNS;KAHN Sylvain;1
LAMBERTA;LAMBERT Alexandre;1
LAMENIEB;LAMENIE Brice;1
LANGARA;LANGAR Ali;1
LEBIGOTB;LE BIGOT Brenda;1
LECORRET;LE CORRE Thibault;1
LEHECE;LEHEC Elisabeth;1
LEPESANTG;LEPESANT Gilles;1
LOPEZP;LOPEZ GUTIERREZ Paulina Iliana;1
MAGNANM;MAGNAN Marion;1
MALNARD;MALNAR Daniella;1
NAHASSIAL;NAHASSIA Lucie;1
PATTEM;PATTE Marion;1
SIMOND;SIMON Dylan;1
SKOUFOGLOUE;SKOUFOGLOU Emmanuail;1
PIERRE-MAGNANIC;PIERRE-MAGNANI Céline;1
QUEYROIF;QUEYROI François;1
THEBAULTE;THEBAULT Emma;1
VIANACERQUEIRAE;VIANA CERQUEIRA Eugênia;1
HIRSCHHAUSENBvon;VON HIRSCHHAUSEN Béatrice;1
PICHONM;PICHON Matthieu;1
GOMESE;GOMES Eduardo;1
SINNOM;SINNO Maïa;1
TABBITAJ;TABBITA Julia;1
KOSOWSKA-STAMIROWSKAZ;KOSOWSKA-STAMIROWSKA Zuzanna;1
RAIMBAULTJ;RAIMBAULT Juste;1
ZDANOWSKAN;ZDANOWSKA Natalia;1
VERHAEGHEL;VERHAEGHE Laetitia;1
TELLEO;TELLE Olivier;1
LECLAIREM;LECLAIRE Mathieu;1
REUILLONR;REUILLON Romain;1
HACHIR;HACHI Ryma;1
PLATTARDO;PLATTARD Odile;1
OTTA-C;OTT Anne-Cécile;1
DUBREUILA;DUBREUIL Anaïs;1
NUSSBAUMF;NUSSBAUM Florence;1
GENEVOIES;GENEVOIE S.;0
BILLENG;BILLEN G.;0
GARNIERJ;GARNIER J.;0
THIEUV;THIEU V.;0
SILVESTREM;SILVESTRE M.;0
CHATZIMPIROSP;CHATZIMPIROS P.;0
ZAIDIF;ZAIDI F.;0
SEVEROM;SEVERO M.;0
GIRAUDT;GIRAUD T.;0
MARTINEZ-FERNANDEZC;MARTINEZ-FERNANDEZ C.;0
AUDIRACI;AUDIRAC I.;0
CUNNINGHAM-SABOTE;CUNNINGHAM-SABOT E.;0
MORAESS;MORAES S.;0
BRAEMERF;BRAEMER F.;0
BRAVARDJ-P;BRAVARD J-P.;0
BRILB;BRIL B.;0
GUIBERTP;GUIBERT P.;0
VILA-MEYERE;VILA-MEYER E.;0
VIADERR;VIADER R.;0
WILLCOXG;WILLCOX G.;0
NUNINGERL;NUNINGER L;0
BERTONCELLO;BERTONCELLO;0
FAVORYF;FAVORY F.;0
FICHESJ-L;FICHES J.-L.;0
RAYNAUDCETCOLLGIRARDOTJ-J;RAYNAUD C. ET COLL GIRARDOT J.-J.;0
SEMIG;SEMI G.;0
PAULUSF;PAULUS F.;0
PREVOTM;PREVOT M.;0
GENRE-GRANDPIERREC;GENRE-GRANDPIERRE C.;0
NOTTEBOOMT;NOTTEBOOM T.;0
GIVONIM;GIVONI M.;0
LUGOI;LUGO I.;0
BESSEJM;BESSE J.M.;0
MOHAMED-CHERIFFZ;MOHAMED-CHERIF F.Z.;0
GRILLOF;GRILLO F.;0
VALLEEJ;VALLEE J;0
CHAUVINP;CHAUVIN P.;0
OLTEANUA-M;OLTEANU A.-M.;0
LOBBEQ;LOBBE Q.;0
BILCKEJ;BILCKE J.;0
BANOS;BANOS.;0
PIERMAYJ-L;PIERMAY J.-L.;0
VESSELINOVE;VESSELINOV E.;0
HUBER;HUBE R.;0
HALBERTL;HALBERT L.;0
CICILLEP;CICILLE P.;0
ROZENBLATC;ROZENBLAT C.;0
MORENOD;MORENO D.;0
BADARIOTTID;BADARIOTTI D.;0
CHARREIREHWEBERC;CHARREIRE H. WEBER C.;0
CHAIXB;CHAIX B;0
SALZEP;SALZE P.;0
CASEYR;CASEY R.;0
KESSE-GUYOTE;KESSE-GUYOT E.;0
HERCBERGS;HERCBERG S.;0
SIMONC;SIMON C.;0
OPPERTJ-M;OPPERT J.-M.;0
WANGC;WANG C.;0
WANGJ;WANG J.;0
MERKO;MERK O.;0
CARYP;CARY P.;0
COHENM;COHEN M.;0
BAUDOINR;BAUDOIN R.;0
PALIBRKM;PALIBRK M.;0
HOUSSAY-HOLZSCHUHM;HOUSSAY-HOLZSCHUH M.;0
TONNELATS;TONNELAT S.;0
RIBARDIEREA;RIBARDIERE A.;0
SANDERSLED;SANDERS L.;0
NUNINGERLSANDERSL;NUNINGER L. SANDERS L.;0
THOINM;THOIN M.;0
CARVALHOL;CARVALHO L.;0
ROUSSINS;ROUSSIN S.;0
COUTARDO;COUTARD O.;0
GUILLERMEA;GUILLERME A.;0
ANGEONV;ANGEON V.;0
BONINM;BONIN M.;0
DIMANJ-L;DIMAN J.-L.;0
FANCHONEA;FANCHONE A.;0
COMMENGES;COMMENGES;0
HADRIEN;HADRIEN;0
NGAKY;NA;0
ITOHH;ITOH H.;0
JOLYO;JOLY O.;0
GUEROISM;GUEROIS M.;0
PAVARDA;PAVARD A;0
MANGENEYC;MANGENEY C.;0
LUCAS-GABRIELLIV;LUCAS-GABRIELLI V.;0
ASCHAN-LEYGONIEC;ASCHAN-LEYGONIE C.;0
LAPOSTOLLEA;LAPOSTOLLE A.;0
MASSARIV;MASSARI V.;0
KESTENSY;KESTENS Y.;0
JOUANLANNETH;JOUANLANNE TH.;0
VILA-VÁZQUEZ;VILA-VÁZQUEZ;0
PÉREZ-INDAVEREA;PÉREZ-INDAVEREA;0
VANHAMMEA;VAN HAMME A.;0
FROMENT-MEURICEM;FROMENT-MEURICE M.;0
BEZIATA;BEZIAT A.;0
HEITZA;HEITZ A.;0
GOLDBERGJ;GOLDBERG J.;0
LAROSEF;LAROSE F.;0
GLISSEB;GLISSE B.;0
OZOUF-MARIGNIERM-V;OZOUF-MARIGNIER M.-V.;0
BARLESSED;BARLES S.;0
LEBOZECA;LE BOZEC A.;0
BUCLETN;BUCLET N.;0
KECKG;KECK G.;0
PRÉVOTM;PRÉVOT M.;0
RONDETC;RONDET C.;0
ROUSTITC;ROUSTIT C.;0
PARIZOTI;PARIZOT I.;0
GIRAULTJA;GIRAULT J.A.;0
BOURGUIGNONJP;BOURGUIGNON J.P.;0
DEMARSILYG;DE MARSILY G.;0
ENCRENAZT;ENCRENAZ T.;0
JOUSSAUMESPUMAIND;JOUSSAUME S. PUMAIN D.;0
LECAMM;LE CAM M.;0
AVILADESOUSAA;AVILA DE SOUSA A;0
DIETERSDORFERL;DIETERSDORFER L;0
FERNANDEZAGUEDAB;FERNANDEZ AGUEDA B;0
GONULD;GONUL D;0
HOEMKEM;HOEMKE M;0
JAROSZEWSKAE;JAROSZEWSKA E;0
LELLAI;LELLA I;0
MYKHNENKOV;MYKHNENKO V;0
PRADATRIGOJ;PRADA TRIGO J;0
SCHMITZS;SCHMITZ S;0
VOLKMANNA;VOLKMANN A;0
WIECHMANNT;WIECHMANN T;0
WOLFFM;WOLFF M.;0
AVERLANG;AVERLAN G.;0
GRIVAUDA;GRIVAUD A.;0
MIRAMONTES-CARBALLADAA;MIRAMONTES-CARBALLADA A.;0
ROYÉD;ROYÉ D.;0
METTETALL;METTETAL L.;0
GIRAUTF;GIRAUT F.;0
LAMBERTN;LAMBERT N.;0
CAPONIOT;CAPONIO T.;0
BERNARDIE-TAHIRN;BERNARDIE-TAHIR;0
DIRENBERGERL;DIRENBERGER;0
FOURNET-GUERINC;FOURNET-GUERIN C.;0
LEHMAN-FRISCHS;LEHMAN-FRISCH S.;0
MORANGEM;MORANGE M.;0
DECROLYJ-M;DECROLY J.-M.;0
MELINEJ;MELINE J.;0
DUNCANS;DUNCAN S.;0
JARDINIERL;JARDINIER L.;0
PERCHOUXC;PERCHOUX C.;0
MERRIENC;MERRIEN C.;0
KARUSISIN;KARUSISI N.;0
LEWINA;LEWIN A.;0
BRONDEELR;BRONDEEL R.;0
SZOKEA;SZOKE A.;0
LLORCAPM;LLORCA P.M.;0
GALLIOTAM;GALLIOT A.M.;0
VILAINJ;VILAIN J.;0
LEBOYERM;LEBOYER M.;0
SCHURHOFFF;SCHURHOFF F.;0
SHARECKM;SHARECK M.;0
FROHLICHK;FROHLICH K.;0
LEROUXG;LE ROUX G.;0
MARNOTB;MARNOT B.;0
MAREÏN;MAREÏ N.;0
DELISLEF;DELISLE F.;0
ECKERTD;ECKERT D.;0
JEGOUL;JEGOU L.;0
MAISONOBEM;MAISONOBE M.;0
DOMINGUESC;DOMINGUES C.;0
ELISSALDEB;ELISSALDE B.;0
JEANNEPh;JEANNE Ph.;0
LÉVYJP;LÉVY J. P.;0
BLANCN;BLANC N.;0
BROSSETT;BROSSET T.;0
J-IetCAPUTOM-L;J.-I. et CAPUTO M.-L.;0
JUNQUAG;JUNQUA G.;0
ADOUEC;ADOUE C.;0
GABARRELLX;GABARRELL X.;0
WINANTS;WINANT S.;0
ROTILLONS;ROTILLON S.;0
LAVAUD-LETILLEULV;LAVAUD-LETILLEUL.V;0
PAROLAF;PAROLA F.;0
WOLFM;WOLF M.;0
ROTH;ROTH;0
CORBELA;CORBEL A.;0
PRUNIERD;PRUNIER D.;0
ALBECKERMF;ALBECKER M.F.;0
PIGAKIM;PIGAKI M.;0
GENEVOISS;GENEVOIS S.;0
AKOKAK;AKOKA K.;0
CLOCHARDO;CLOCHARD O.;0
BENNASRA;BENNASR A.;0
RUFFRAYdeS;RUFFRAY de S.;0
GERIN-PACEF;GERIN-PACE F.;0
DUBUCSH;DUBUCS H.;0
PFIRSCHT;PFIRSCH T.;0
GALLEZC;GALLEZ C.;0
AMATOF;AMATO F.;0
ROUXJ-M;ROUX J.-M.;0
RADICEM;RADICE M.;0
CHABROLM;CHABROL M.;0
VANCRIEKINGENM;VAN CRIEKINGEN M.;0
KARAMANH;KARAMAN H.;0
VIANAE;VIANA E.;0
CHARREIREH;CHARREIRE H.;0
THOMASF;THOMAS F.;0
OPPERTJM;OPPERT J.M.;0
WEBERC;WEBER C.;0
PANNIERB;PANNIER B.;0
MUSILC;MUSIL C.;0
NINOTO;NINOT O.;0
JACOBSW;JACOBS W.;0
BARRERAC;BARRERA C.;0
BIRCKF;BIRCK F.;0
FEREDJA;FEREDJ A.;0
ROTHH;ROTH;0
SYKESO;SYKES O.;0
KRAUSSA;KRAUSS A.;0
CORYT;CORY T.;0
ANGLADEMP;ANGLADE M.P.;0
DEBARREF;DEBARRE F.;0
BOUASRIAL;BOUASRIA L.;0
CHEIKHM;CHEIKH M.;0
MANRYV;MANRY V.;0
DUVALPP;DUVAL P.P.;0
GETTONF;GETTON F.;0
DASSAM;DASSA M.;0
KOSMOPOULOS;KOSMOPOULOS;0
KOSMOPOULOSetal;KOSMOPOULOS et al;0
PROULHACL;PROULHAC L.;0
KENNEDYCA;KENNEDY L.;0
STEWARTI;STEWART I.;0
FACCHINIA;FACCHINI A.;0
CERSOSIMOI;CERSOSIMO I.;0
MELER;MELE R.;0
CHENB;CHEN B.;0
UDAM;UDA M.;0
KANSALA;KANSAL A.;0
CHIUA;CHIU A.;0
KIMA;KIM E;0
DUBEUXC;DUBEUX C.;0
LEBRELAROVEREE;LEBRE LA ROVERE E.;0
CUNHAB;CUNHA B.;0
PINCETLS;PINCETL S.;0
KEIRSTEADIJ;KEIRSTEADI J.;0
PUSAKAKS;PUSAKAK S.;0
GUNAWANJ;GUNAWAN J.;0
ADEGBILEM;ADEGBILE M.;0
NAZARIHAM;NAZARIHA M.;0
HOQUES;HOQUE S.;0
MARCOTULLIOPJ;MARCOTULLIO P. J.;0
GONZALEZOTHARANF;GONZALEZ OTHARAN F.;0
GENENAT;GENENA T.;0
IBRAHIMN;IBRAHIM N.;0
FAROOQUIR;FAROOQUI R.;0
CERVANTESG;CERVANTES G.;0
SAHINAD;SAHIN A. D.;0
VANIERM;VANIER M.;0
GUÉRINAL;GUÉRIN A.L.;0
ROY-BAILLARGEONO;ROY-BAILLARGEON O.;0
YANGZ;YANG Z.;0
LONGY;LONG Y.;0
BENGUIGUIGL;BENGUIGUI G.L.;0
JOUFFEY;JOUFFE Y.;0
CAUBELD;CAUBEL D.;0
MOTTE-BAUMVOLB;MOTTE-BAUMVOL B.;0
GIROUDM;GIROUD M.;0
WEBERS;WEBER S;0
HOUSSAY-HOLZSCHUCHM;HOUSSAY-HOLZSCHUCH M.;0
GINSBURGERN;GINSBURGER N.;0
BRENNETOTA;BRENNETOT;0
ROBERTS;ROBERT S;0
DEFFUANTG;DEFFUANT G.;0
CHAVALARIASD;CHAVALARIAS D.;0
BERTELLEC;BERTELLE C.;0
BRODUN;BRODU N.;0
JENSENP;JENSEN P.;0
LESNEA;LESNE A.;0
MULLERJP;MULLER JP.;0
PERRIERE;PERRIER E.;0
VARENNEF;VARENNE F.;0
CORSONN;CORSON N.;0
GAUDOUB;GAUDOU B.;0
LAPERRIEREV;LAPERRIERE V.;0
VATING;VATIN G.;0
VANOLOA;VANOLO A.;0
IGNAZZIA;IGNAZZI A.;0
DEVOGELET;DEVOGELE T.;0
MONIOSJ;MONIOS J.;0
NOTTEBOOMTE;NOTTEBOOM T.;0
RODRIGUEJP;RODRIGUE J.P.;0
SLACKB;SLACK B.;0
TAMKC;TAM K.C.;0
MAREIN;MAREI N.;0
FRASERDR;FRASER D.R.;0
GOUTAILLERL;GOUTAILLER L.;0
MORGADOP;MORGADO P.;0
MARQUESDACOSTAN;MARQUES DA COSTA N.;0
ABRANTESP;ABRANTES P.;0
FONTESI;FONTES I.;0
ROCHAJ;ROCHA J;0
DULAUROY-LYNCHH;DULAUROY-LYNCH H.;0
GARNIERB;GARNIER B.;0
DIDELONC;DIDELON C.;0
BENNARSRA;BENNARSR A.;0
DERUFFAYS;DE RUFFAY S.;0
BRETB;BRET B;0
CHERELG;CHEREL G.;0
CHAPRONP;CHAPRON P.;0
ABELT;ABEL T.;0
AGOURIR;AGOURI R.;0
CANTINOTTIM;CANTINOTTI M.;0
DANIELM;DANIEL M.;0
DASSAC;DASSA C.;0
DATTAG;DATTA G.;0
GAGNET;GAGNE T.;0
LECLERCB;LECLERC B;0
O'LOUGHLINJ;O'LOUGHLIN J.;0
POTVINL;POTVIN L.;0
GARRIDOC;GARRIDO C.;0
HOCQUETM;HOCQUET M.;0
YSEBAERT;YSEBAERT;0
LIVETP;LIVET P.;0
PHAND;PHAN D.;0
KIRGIZOVS;KIRGIZOV S.;0
DEALDAMAR;DE ALDAMA R.;0
MOURETJB;MOURET J.B.;0
RUASA;RUAS A.;0
DIRENBERGER;DIRENBERGER;0
TRILLOSANTAMARÍA;TRILLO SANTAMARÍA;0
PAÜLV;PAÜL V.;0
BACQUEMH;BACQUE M.H.;0
PHILIFERTP;PHILIFERT P.;0
ROUX;ROUX;0
MORELJC;MOREL J.C.;0
FOUCHERM;FOUCHER M.;0
SANJUANT;SANJUAN T.;0
MARIOLLEB;MARIOLLE B.;0
NADOUF;NADOU F.;0
DEMAZIEREC;DEMAZIERE C.;0
MIOTY;MIOT Y.;0
CHOPLINA;CHOPLIN A.;0
VADELORGEL;VADELORGE L.;0
BEZESB;BEZES B.;0
CAILLOUP;CAILLOU P.;0
GAUDOUN;GAUDOU N.;0
MARILLEAUN;MARILLEAU N.;0
BECKE;BECK E.;0
GLATRONS;GLATRON S.;0
MUDUP;MUDU P.;0
LECOMTEC;LECOMTE C.;0
HAULES;HAULE S.;0
AIT-MOHANDL;AIT-MOHAND L.;0
DIDIERL;DIDIER L.;0
COCHEM;COCHE M.;0
ELHOSNIA;EL HOSNI A.;0
BORDERIEQ;BORDERIE Q.;0
DELAHAYEJ;DELAHAYE J.;0
DESACHYQ;DESACHY Q.;0
PINHEDEA;PINHEDE A.;0
YSEBAERTR;YSEBAERT;0
GENSELJ;GENSEL J.;0
LERUBRUSB;LE RUBRUS B.;0
VILLANOVA-OLIVIERM;VILLANOVA-OLIVIER M.;0
PLUMEJEAUDC;PLUMEJEAUD C.;0
DIDELON-LOISEAUC;DIDELON-LOISEAU C.;0
BERNARDIETAHIR;BERNARDIE TAHIR;0
FRANCOISJC;FRANCOIS JC;0
CIESIELSKIH;CIESIELSKI H.;0
WALDECKR;WALDECK R.;0
BULLEN;BULLE N.;0
GRANDITSH;GRANDITS H;0
KRAFTCMÜLLERD;KRAFT C.. MÜLLER D.;0
SERRIERT;SERRIER T.;0
RODIERX;RODIER X.;0
PÉREZINDAVEREAM-A;PÉREZ-INDAVEREA;0
VILAVÁZQUEZ;VILA-VÁZQUEZ;0
CAPUTO;CAPUTO;0
ROESSLERM;ROESSLER M.;0
MULLIGANH;MULLIGAN H.;0
JEANNEP;JEANNE P.;0
COUZINETM-D;COUZINET M.-D.;0
CARREC;CARRE C.;0
TROINF;TROIN F.;0
FRANCA;FRANC A.;0
BOUKHECHBAM;BOUKHECHBA M.;0
TANNIERC;TANNIER C.;0
HUETA;HUET A.;0
BOULAYG;BOULAY G.;0
HATNAE;HATNA E.;0
ARCAUTEE;ARCAUTE E.;0
BATTYM;BATTY M.;0
GLENNN;GLENN N.;0
HASLINGERP;HASLINGER P.;0
BUCHENT;BUCHEN T.;0
WARDENGAU;WARDENGA U.;0
GAUVINL;GAUVIN L.;0
GERBERP;GERBER P.;0
LORDS;LORD S.;0
PAYETTEH;PAYETTE H.;0
RICHARDL;RICHARD L.;0
PECOUTH;PECOUT H.;0
AUGISEAUV;AUGISEAU V.;0
GONZALEZJ;GONZALEZ J.;0
DOURSATR;DOURSAT R.;0
GASTNERMT;GASTNER M.T.;0
VIENNEF;VIENNE F.;0
BOAVIDA-PORTUGALI;BOAVIDA-PORTUGAL I.;0
FERREIRAC;FERREIRA C.;0
SOUSAC;SOUSA;0
CAPINHAC;CAPINHA C.;0
GAUMONTN;GAUMONT N.;0
MAGNIENC;MAGNIEN C.;0
LATAPYM;LATAPY M.;0
BRÈSA;BRÈS A.;0
TIBERGHIENG;TIBERGHIEN G.;0
ROMANOA;ROMANO A.;0
LEESW;LEE S.W.;0
KRAFTC;KRAFT C.;0
BALDAUFI;BALDAUF I.;0
COSTAS;COSTA S.;0
ECKERTA;ECKERT A.;0
MÜLLERD;MÜLLER D.;0
SPRODOWSKI;SPRODOWSKI;0
VIGNALC;VIGNAL C.;0
BOYERG;BOYER G.;0
ZANCARINI-FOURNELM;ZANCARINI-FOURNEL M.;0
LANG;LANG;0
REBOTIERJ;REBOTIER J.;0
BECKOUCHEP;BECKOUCHE P.;0
MOISSERONJ-Y;MOISSERON J.-Y.;0
CREMASCHIM;CREMASCHI M.;0
DELPIROUA;DELPIROU A.;0
SALONEC;SALONE C.;0
MATTEIM-F;MATTEI M.-F.;0
THIOLLETH;THIOLLET H.;0
WIHTOLDEWENDENC;WIHTOL DE WENDEN C.;0
BORDJ-P;BORD J-P.;0
BRONNERAC;BRONNER A.C.;0
REPELLINP;REPELLIN P.;0
DURETB;DURET B.;0
BOUCHERONP;BOUCHERON P.;0
FUMEYG;FUMEY G.;0
BAILLYJ-C;BAILLY J.-C.;0
LEROYS;LEROY S.;0
VIRYM;VIRY M.;0
DIMÉOG;DI MÉO G.;0
FOURAULT-CAUËTV;FOURAULT-CAUËT V.;0
LAZZAROTTIO;LAZZAROTTI O.;0
RÖSSLERM;RÖSSLER M.;0
OLMEDOEed;OLMEDO E.;0
MALEKS;MALEK S.;0
HERAULTO;HERAULT O.;0
LOUVETR;LOUVET R.;0
MADELINM;MADELIN M.;0
MICHELY;MICHEL Y.;0
DARDELLEF;DARDELLE F.;0
LeHayViviane;Le Hay Viviane;0
PumainD;Pumain D.;0
FAUREAGAUTIERM;FAURE A. GAUTIER M.;0
BAUDI;BAUD I;0
SCOTTD;SCOTT D.;0
PFEFFERK;PFEFFER K;0
SYDENSTRICKER-NETOJ;SYDENSTRICKER-NETO J.;0
CONSUELOMUGURUZAMINAYL;CONSUELO MUGURUZA MINAY L.;0
PROVITOLOD;PROVITOLO D.;0
LAMARCHE-PERRINR;LAMARCHE-PERRIN R.;0
DEMAZEAUY;DEMAZEAU Y.;0
VINCENTJM;VINCENT J.M.;0
DERUFFRAYS;DE RUFFRAY S.;0
SANCHEZAGUILERAD;SANCHEZ AGUILERA D.;0
RAMANB;RAMAN B.;0
JOUS-C;JOU S-C.;0
HSIAOMed;HSIAO M. ed;0
SUTHERLANDC;SUTHERLAND C.;0
RICHTERC;RICHTER C.;0
BESNARDP;BESNARD P.;0
RICHARDY;RICHARD Y.;0
BRENNETOT;BRENNETOT;0
PLUMEJEAUDS;PLUMEJEAUD S.;0
PLANELS;PLANEL S.;0
FIQUETE;FIQUET E.;0
DUPRETB;DUPRET B.;0
DELORMEC;DELORME C.;0
LAMARCHE-PERRINM;LAMARCHE-PERRIN M.;0
LANGLOISP;LANGLOIS P.;0
TAILLANDIERP;TAILLANDIER P.;0
etSAMIER;et SAMIE R.;0
KENNEDYL;KENNEDY L.;0
VARRELA;VARREL A.;0
DUPONTV;DUPONT V.;0
DHANALAKSHMIR;DHANALAKSHMI R.;0
ROUMEAUS;ROUMEAU S.;0
SAHARANT;SAHARAN T.;0
BALLS;BALL S.;0
RIMOLDI;RIMOLDI;0
VERDIEREN;VERDIER N.;0
LANZAV;LANZA V.;0
CHARRIERR;CHARRIER R.;0
AZIZ-ALLOUIMA;AZIZ-ALLOUI M.A;0
MISCIONEG;MISCIONE G.;0
AZIZ-ALAOUIMA;AZIZ-ALLOUI M.A;0
HARPETC;HARPET C.;0
AUGENDREM;AUGENDRE M.;0
LAVIEE;LAVIE E.;0
GRESILLONE;GRESILLON E.;0
HECHINGERM;HECHINGER M.;0
BELAREMM;BELAREM M.;0
SIMONL;SIMON C.;0
THEBERTM;THEBERT M.;0
LöwisS;Löwis S.;0
CASANOVAK;CASANOVA K.;0
HOULLIERGUIBERTC-E;HOULLIER GUIBERT C-E.;0
RIMOLDIS;RIMOLDI;0
PRASAD-ALEYAMMAM;PRASAD-ALEYAMMA M.;0
DEBERCEGOLR;DE BERCEGOL R.;0
ZÉRAHMH;ZÉRAH M. H.;0
BERNARDIE-TAHIR;BERNARDIE-TAHIR;0
ZERAHMH;ZERAH M. H.;0
ARGYRIOUI;ARGYRIOU I.;0
BAHERSJB;BAHERS J. B.;0
DURANDM;DURAND M.;0
LAGESSEC;LAGESSE C.;0
DAUDÉE;DAUDÉ E.;0
LANGC;LANG;0
CERCEAUJ;CERCEAU J.;0
DEBUISSONM;DEBUISSON M.;0
SYDENSTRICKER-SETOJ;SYDENSTRICKER-SETO J.;0
CONSUELOMUGURUZAMINAYAL;CONSUELO MUGURUZA MINAY L.;0
LEBRUNN;LEBRUN N.;0
BÉALV;BÉAL V.;0
ROUSSEAUM;ROUSSEAU M.;0
BUSSIM;BUSSI M.;0
NASRM;NASR M.;0
YENGUIT;YENGUI T.;0
LASSAUBEU;LASSAUBE U.;0
GOURDONP;GOURDON P.;0
BRONNERA-C;BRONNER A.C.;0
HERBELINA;HERBELIN A.;0
CANTING;CANTIN G.;0
CARROUEL;CARROUE L.;0
PIERRETC;PIERRET C.;0
FOURMONTG;FOURMONT G.;0
TRAORÉM;TRAORÉ M.;0
BERNIERX;BERNIER X.;0
GRANTA;GRANT A.;0
ILCKLUNM;ILC KLUN M.;0
MACKAYT;MAC KAY T.;0
ROJELJB;ROJELJ B.;0
TOMASONIL;TOMASONI L.;0
SEIGNEURCH;SEIGNEUR CH.;0
BONINO;BONIN O.;0
LEURENTF;LEURENT F.;0
BONHOMMEC;BONHOMME C.;0
DEROUBAIXJ-F;DEROUBAIX J.-F.;0
PEROUSEJ-F;PEROUSE J-F.;0
RAIMBAULTN;RAIMBAULT N.;0
SERANOJ;SERANO J.;0
DEMOULINJ;DEMOULIN J.;0
ALSAINTA;ALSAINT A.;0
BACQUÉMH;BACQUÉ M.H.;0
BELLAVOINEC;BELLAVOINE C.;0
CANETAC;CANET A.C.;0
FUZIERA;FUZIER A.;0
LODUCAR;LO DUCA R.;0
RAISSONJB;RAISSON J.B.;0
DESACHYB;DESACHY B.;0
HENRIOTC;HENRIOT C.;0
REYSA;REY S.;0
ROBINS;ROBIN S.;0
GAUTIER-COSTARDE;GAUTIER-COSTARD E.;0
MILLOCKK;MILLOCK K.;0
FERRARIC;FERRARI C.;0
TEIA;TEI A.;0
TROINJ-F;TROIN F.;0
QUÉVAC;QUÉVA C.;0
FOURAULT-CAUETV;FOURAULT-CAUET V.;0
CHASSETP-O;CHASSET P.-O.;0
SMOREDAZ;SMOREDA Z.;0
WUESTL;WUEST L.;0
FOSSETP;FOSSET P.;0
CHARDONNELS;CHARDONNEL S.;0
MARILLEAUM;MARILLEAU M.;0
PIOMBINIA;PIOMBINI A.;0
LEYSENST;LEYSENS T.;0
CONESAA;CONESA A.;0
ANDRÉ-POYAUDI;ANDRÉ-POYAUD I.;0
THÈVENINT;THÈVENIN T.;0
GLOORM;GLOOR M.;0
POLLARDJ;POLLARD J.;0
SOUSA;SOUSA;0
HAMEZG;HAMEZ G.;0
DECROLYJM;DECROLY J.M.;0
STUDENYA;STUDENY A.;0
LECONTER;LECONTE R.;0
LOVELUCKB;LOVELUCK B.;0
VALETTEJF;VALETTE J.F.;0
DESPRÈSM;DESPRÈS M.;0
KLEINO;KLEIN O.;0
KLEINS;KLEIN S.;0
KÖPPENB;KÖPPEN B.;0
NAUDA;NAUD A.;0
RONDIERP;RONDIER P.;0
SUEURC;SUEUR C.;0
THIERRYB;THIERRY B.;0
WASFIR;WASFI R.;0
RAIN;RAI N.;0
KUMARV;KUMAR V.;0
NAGPALBN;NAGPAL BN.;0
PAULR;PAUL R.;0
LIPARIF;LIPARI F.;0
PEELL;PEEL L.;0
DERAMBURE-DUTELF;DERAMBURE-DUTEL F.;0
DEVESM;DEVES M.;0
DECHABALLIERJ-B;DE CHABALLIER J.-B.;0
COHENN;COHEN N.;0
WEYMANT;WEYMAN T.;0
YAHAGIH;YAHAGI H.;0
PAULHIAC-SCHERRERF;PAULHIAC-SCHERRER F.;0
SCHERRERF;SCHERRER F.;0
MONSAINGEONG;MONSAINGEON G.;0
PELLETIERP;PELLETIER P.;0
NUSSBAUM;NUSSBAUM;0
PRUD'HOMMEJ;PRUD'HOMME J.;0
BENJAMINS;BENJAMIN S.;0
CASTELLANM;CASTELLAN M.;0
PASSERAT-PALMBACHJ;PASSERAT-PALMBACH J.;0
TORREA;TORRE A.;0
KIRATTH;KIRAT TH.;0
MELOTR;MELOT R.;0
PHAMHV;PHAN D.;0
DRODZM;DRODZ M.;0
FOULQUIERÉ;FOULQUIER É.;0
FARINOSDASIJ;FARINOS DASI J.;0
BEAUCHEMINC;BEAUCHEMIN C.;0
RECCHIE;RECCHI E.;0
DATTAGD;DATTA G.;0
FROHLICHKL;FROHLICH K.;0
DROGOULA;DROGOUL A.;0
TRUONGQ;TRUONG Q.;0
MISLINR;MISLIN R.;0
DAUDEE;DAUDE. E;0
VAGUETA;VAGUET A.;0
YADAVNK;YADAV NK.;0
AHMEDZ;AHMED Z.;0
BOUDJELALB;BOUDJELAL B.;0
PEREZP;PEREZ P.;0
PETTITC;PETTIT  C.;0
LESPEZL;LESPEZ L.;0
